,초등학교명,구명,동명
0,서울숭신초등학교,['성동구'],['하왕십리동']
1,한양초등학교,['성동구'],['사근동']
2,세종초등학교,['광진구'],['군자동']
3,성동초등학교,['광진구'],['자양동']
4,서울화양초등학교,['광진구'],['화양동']
5,서울행현초등학교,['성동구'],['행당동']
6,서울행당초등학교,['성동구'],['행당동']
7,서울중마초등학교,['광진구'],['중곡동']
8,서울중광초등학교,['광진구'],['중곡동']
9,서울장안초등학교,['광진구'],['군자동']
10,서울자양초등학교,['광진구'],['자양동']
11,서울응봉초등학교,['성동구'],['응봉동']
12,서울용마초등학교,['광진구'],['중곡동']
13,서울용답초등학교,['성동구'],[]
14,서울용곡초등학교,['광진구'],['중곡동']
15,서울옥정초등학교,['성동구'],['옥수동']
16,서울옥수초등학교,['성동구'],['금호동']
17,서울양진초등학교,['광진구'],['광장동']
18,서울양남초등학교,['광진구'],['자양동']
19,서울신자초등학교,['광진구'],['자양동']
20,서울신양초등학교,['광진구'],['자양동']
21,서울송원초등학교,['성동구'],['송정동']
22,서울성자초등학교,['광진구'],['자양동']
23,서울성수초등학교,['성동구'],['성수동']
24,서울사근초등학교,['성동구'],['사근동']
25,서울무학초등학교,['성동구'],['하왕십리동']
26,서울마장초등학교,['성동구'],['마장동']
27,서울동호초등학교,['성동구'],"['서울동', '옥수동']"
28,서울동자초등학교,['광진구'],['자양동']
29,서울동의초등학교,['광진구'],"['구의동', '서울동']"
30,서울동명초등학교,['성동구'],"['서울동', '마장동']"
31,서울금호초등학교,['성동구'],['금호동']
32,서울금옥초등학교,['성동구'],['금호동']
33,서울금북초등학교,['성동구'],['금호동']
34,서울구의초등학교,['광진구'],['화양동']
35,서울구남초등학교,['광진구'],['구의동']
36,서울광진초등학교,['광진구'],['구의동']
37,서울광장초등학교,['광진구'],['광장동']
38,서울광남초등학교,['광진구'],['광장동']
39,서울경일초등학교,['성동구'],['성수동']
40,서울경수초등학교,['성동구'],['성수동']
41,서울경동초등학교,['성동구'],"['성수동', '경동']"
42,경복초등학교,['광진구'],['능동']
43,중앙대학교사범대학부속초등학교,['동작구'],['흑석동']
44,서울흑석초등학교,['동작구'],['흑석동']
45,서울행림초등학교,['동작구'],['사당동']
46,서울청룡초등학교,['관악구'],['봉천동']
47,서울조원초등학교,['관악구'],['신림동']
48,서울인헌초등학교,['관악구'],['봉천동']
49,서울은천초등학교,['관악구'],['봉천동']
50,서울은로초등학교,['동작구'],['흑석동']
51,서울원신초등학교,['관악구'],['신림동']
52,서울원당초등학교,['관악구'],['봉천동']
53,서울영화초등학교,['동작구'],['대방동']
54,서울영본초등학교,['동작구'],['본동']
55,서울신우초등학교,['관악구'],['신림동']
56,서울신성초등학교,['관악구'],['신림동']
57,서울신상도초등학교,['동작구'],['상도동']
58,서울신봉초등학교,['관악구'],['봉천동']
59,서울신림초등학교,['관악구'],['신림동']
60,서울신남성초등학교,['동작구'],['사당동']
61,서울신길초등학교,['동작구'],['대방동']
62,서울상현초등학교,['동작구'],['상도동']
63,서울상도초등학교,['동작구'],['상도동']
64,서울삼일초등학교,['동작구'],['사당동']
65,서울삼성초등학교,['관악구'],['신림동']
66,서울사당초등학교,['관악구'],['남현동']
67,서울봉현초등학교,['관악구'],['봉천동']
68,서울봉천초등학교,['관악구'],['봉천동']
69,서울본동초등학교,['동작구'],"['서울본동', '본동']"
70,서울보라매초등학교,['동작구'],['신대방동']
71,서울미성초등학교,['관악구'],['신림동']
72,서울문창초등학교,['동작구'],['신대방동']
73,서울동작초등학교,['동작구'],"['서울동', '사당동']"
74,서울대림초등학교,['동작구'],['대방동']
75,서울당곡초등학교,['관악구'],['봉천동']
76,서울노량진초등학교,['동작구'],['노량진동']
77,서울남성초등학교,['동작구'],['사당동']
78,서울남사초등학교,['동작구'],['사당동']
79,서울남부초등학교,['관악구'],['신림동']
80,서울난향초등학교,['관악구'],['신림동']
81,서울난우초등학교,['관악구'],['신림동']
82,서울난곡초등학교,['관악구'],['신림동']
83,서울구암초등학교,['관악구'],['봉천동']
84,서울관악초등학교,['관악구'],['봉천동']
85,서울강남초등학교,['동작구'],['상도1동']
86,서울강빛초등학교,['강동구'],['강일동']
87,서울고현초등학교,['강동구'],[]
88,서울해누리초등학교,['송파구'],['가락동']
89,서울강솔초등학교,['강동구'],['강일동']
90,서울위례별초등학교,['송파구'],['장지동']
91,서울한산초등학교,['강동구'],['둔촌동']
92,서울풍성초등학교,['송파구'],['풍납동']
93,서울풍납초등학교,['송파구'],['풍납동']
94,서울평화초등학교,['송파구'],['가락동']
95,서울토성초등학교,['송파구'],['풍납동']
96,서울천호초등학교,['강동구'],['천호동']
97,서울천일초등학교,['강동구'],['천호동']
98,서울천동초등학교,['강동구'],"['서울천동', '길동']"
99,서울중대초등학교,['송파구'],['송파동']
100,서울잠현초등학교,['송파구'],['신천동']
101,서울잠전초등학교,['송파구'],['잠실동']
102,서울잠일초등학교,['송파구'],['잠실동']
103,서울잠실초등학교,['송파구'],['신천동']
104,서울잠신초등학교,['송파구'],['잠실동']
105,서울잠동초등학교,['송파구'],"['신천동', '잠동']"
106,서울위례초등학교,['강동구'],['둔촌동']
107,서울오륜초등학교,['송파구'],['방이동']
108,서울오금초등학교,['송파구'],['오금동']
109,서울영풍초등학교,['송파구'],['거여동']
110,서울아주초등학교,['송파구'],['잠실동']
111,서울신천초등학교,['송파구'],['잠실동']
112,서울신암초등학교,['강동구'],['암사동']
113,서울신명초등학교,['강동구'],['길동']
114,서울신가초등학교,['송파구'],['가락동']
115,서울송파초등학교,['송파구'],['송파동']
116,서울송전초등학교,['송파구'],['잠실동']
117,서울송례초등학교,['송파구'],['장지동']
118,서울세륜초등학교,['송파구'],['방이동']
119,서울성일초등학교,['강동구'],['성내동']
120,서울성내초등학교,['강동구'],['성내동']
121,서울선사초등학교,['강동구'],['암사동']
122,서울선린초등학교,['강동구'],['둔촌동']
123,서울석촌초등학교,['송파구'],['석촌동']
124,서울상일초등학교,['강동구'],['상일동']
125,서울삼전초등학교,['송파구'],['삼전동']
126,서울버들초등학교,['송파구'],['잠실동']
127,서울방이초등학교,['송파구'],['방이동']
128,서울방산초등학교,['송파구'],['방이동']
129,서울문현초등학교,['송파구'],['장지동']
130,서울문정초등학교,['송파구'],['문정동']
131,서울문덕초등학교,['송파구'],['문정동']
132,서울묘곡초등학교,['강동구'],['고덕동']
133,서울명일초등학교,['강동구'],['암사동']
134,서울명원초등학교,['강동구'],['명일동']
135,서울명덕초등학교,['강동구'],['고덕동']
136,서울마천초등학교,['송파구'],['마천동']
137,서울둔촌초등학교,['강동구'],['둔촌동']
138,서울대명초등학교,['강동구'],['명일동']
139,서울남천초등학교,['송파구'],['마천동']
140,서울길동초등학교,['강동구'],"['서울길동', '길동']"
141,서울고일초등학교,['강동구'],['상일동']
142,서울고명초등학교,['강동구'],['명일동']
143,서울고덕초등학교,['강동구'],['고덕동']
144,서울거원초등학교,['송파구'],['거여동']
145,서울거여초등학교,['송파구'],['오금동']
146,서울개롱초등학교,['송파구'],['오금동']
147,서울강일초등학교,['강동구'],['강일동']
148,서울강명초등학교,['강동구'],['상일동']
149,서울강동초등학교,['강동구'],"['천호동', '서울강동']"
150,서울강덕초등학교,['강동구'],['고덕동']
151,서울가주초등학교,['송파구'],['가락동']
152,서울가원초등학교,['송파구'],['문정동']
153,서울가락초등학교,['송파구'],['가락동']
154,서울가동초등학교,['송파구'],['가락동']
155,우촌초등학교,['성북구'],['돈암동']
156,영훈초등학교,['강북구'],['미아동']
157,성신초등학교,['성북구'],['돈암동']
158,매원초등학교,['성북구'],['돈암동']
159,대광초등학교,['성북구'],['보문동']
160,광운초등학교,['성북구'],['장위동']
161,서울화계초등학교,['강북구'],['미아동']
162,서울청덕초등학교,['성북구'],['정릉동']
163,서울정수초등학교,['성북구'],['정릉동']
164,서울정릉초등학교,['성북구'],['정릉동']
165,서울정덕초등학교,['성북구'],['동소문동']
166,서울장위초등학교,['성북구'],['장위동']
167,서울장월초등학교,['성북구'],['장위동']
168,서울장곡초등학교,['성북구'],['장위동']
169,서울일신초등학교,['성북구'],['종암동']
170,서울인수초등학교,['강북구'],['수유동']
171,서울유현초등학교,['강북구'],['수유동']
172,서울월곡초등학교,['성북구'],['장위동']
173,서울우이초등학교,['강북구'],['수유동']
174,서울오현초등학교,['강북구'],['번동']
175,서울안암초등학교,['성북구'],['안암동']
176,서울숭인초등학교,['성북구'],['하월곡동']
177,서울숭례초등학교,['성북구'],['종암동']
178,서울숭덕초등학교,['성북구'],['정릉동']
179,서울숭곡초등학교,['성북구'],['하월곡동']
180,서울수유초등학교,['강북구'],[]
181,서울수송초등학교,['강북구'],['번동']
182,서울송천초등학교,['강북구'],['미아동']
183,서울송중초등학교,['강북구'],['미아동']
184,서울성북초등학교,['성북구'],['성북동']
185,서울석관초등학교,['성북구'],['석관동']
186,서울석계초등학교,['성북구'],['석관동']
187,서울삼양초등학교,['강북구'],['미아동']
188,서울삼선초등학교,['성북구'],['삼선동']
189,서울삼각산초등학교,['강북구'],['미아동']
190,서울번동초등학교,['강북구'],"['번동', '번동']"
191,서울미양초등학교,['강북구'],['미아동']
192,서울미아초등학교,['성북구'],['길음동']
193,서울동신초등학교,['성북구'],"['보문동', '서울동']"
194,서울돈암초등학교,['성북구'],['동소문동']
195,서울길음초등학교,['성북구'],['길음동']
196,서울길원초등학교,['성북구'],['길음동']
197,서울개운초등학교,['성북구'],['돈암동']
198,서울자곡초등학교,['강남구'],['자곡동']
199,서울율현초등학교,['강남구'],['자곡동']
200,서울우솔초등학교,['서초구'],['우면동']
201,서울세명초등학교,['강남구'],['세곡동']
202,서울우면초등학교,['서초구'],[]
203,서울학동초등학교,['강남구'],"['서울학동', '논현동']"
204,서울포이초등학교,['강남구'],['개포동']
205,서울청담초등학교,"['강남구', '압구']",['청담동']
206,서울잠원초등학교,['서초구'],['반포동']
207,서울일원초등학교,['강남구'],['일원동']
208,서울이수초등학교,['서초구'],['방배동']
209,서울원촌초등학교,['서초구'],['반포동']
210,서울원명초등학교,['서초구'],['서초동']
211,서울우암초등학교,['서초구'],['우면동']
212,서울왕북초등학교,['강남구'],['수서동']
213,서울영희초등학교,['강남구'],['일원동']
214,서울역삼초등학교,['강남구'],['역삼동']
215,서울언주초등학교,['강남구'],['도곡동']
216,서울언북초등학교,['강남구'],['청담동']
217,서울언남초등학교,['서초구'],['내곡동']
218,서울양전초등학교,['강남구'],[]
219,서울양재초등학교,['서초구'],['양재동']
220,서울압구정초등학교,"['강남구', '압구']",['압구정동']
221,서울신중초등학교,['서초구'],['서초동']
222,서울신동초등학교,['서초구'],"['잠원동', '신동']"
223,서울신구초등학교,"['강남구', '압구']",['신사동']
224,서울수서초등학교,['강남구'],['수서동']
225,서울서초초등학교,['서초구'],['서초동']
226,서울서일초등학교,['서초구'],['서초동']
227,서울서이초등학교,['서초구'],['서초동']
228,서울서원초등학교,['서초구'],['반포동']
229,서울서래초등학교,['서초구'],['방배동']
230,서울삼릉초등학교,['강남구'],['삼성동']
231,서울봉은초등학교,['강남구'],['삼성동']
232,서울방현초등학교,['서초구'],['방배동']
233,서울방일초등학교,['서초구'],['방배동']
234,서울방배초등학교,['서초구'],['방배동']
235,서울반포초등학교,['서초구'],['반포동']
236,서울반원초등학교,['서초구'],['잠원동']
237,서울매헌초등학교,['서초구'],['양재동']
238,서울도성초등학교,['강남구'],['역삼동']
239,서울도곡초등학교,['강남구'],['대치동']
240,서울대현초등학교,['강남구'],['대치동']
241,서울대치초등학교,['강남구'],['대치동']
242,서울대청초등학교,['강남구'],['일원동']
243,서울대진초등학교,['강남구'],['개포동']
244,서울대왕초등학교,['강남구'],['세곡동']
245,서울대모초등학교,['강남구'],['일원동']
246,서울대도초등학교,['강남구'],['도곡동']
247,서울대곡초등학교,['강남구'],['대치동']
248,서울논현초등학교,['강남구'],['논현동']
249,서울구룡초등학교,['강남구'],['개포동']
250,서울개포초등학교,['강남구'],['개포동']
251,서울개일초등학교,['강남구'],['개포동']
252,서울개원초등학교,['강남구'],['개포동']
253,계성초등학교,['서초구'],['반포동']
254,서울교육대학교부설초등학교,['서초구'],['서초동']
255,유석초등학교,['강서구'],['등촌동']
256,서울신은초등학교,['양천구'],['신정동']
257,서울화일초등학교,['강서구'],['화곡동']
258,서울화곡초등학교,['강서구'],['화곡동']
259,서울탑산초등학교,['강서구'],['가양동']
260,서울치현초등학교,['강서구'],[]
261,서울지향초등학교,['양천구'],['신정동']
262,서울정목초등학교,['양천구'],['목동']
263,서울정곡초등학교,['강서구'],['방화동']
264,서울장수초등학교,['양천구'],['신정동']
265,서울은정초등학교,['양천구'],[]
266,서울월촌초등학교,['양천구'],['목동']
267,서울월정초등학교,['강서구'],['화곡동']
268,서울우장초등학교,['강서구'],['화곡동']
269,서울영도초등학교,['양천구'],['목동']
270,서울염창초등학교,['강서구'],['염창동']
271,서울염동초등학교,['강서구'],"['염창동', '염동']"
272,서울염경초등학교,['강서구'],['염창동']
273,서울양화초등학교,['양천구'],['목동']
274,서울양천초등학교,['강서구'],['가양동']
275,서울양원초등학교,['양천구'],['신월동']
276,서울양목초등학교,['양천구'],['신정동']
277,서울양명초등학교,['양천구'],['신정동']
278,서울양동초등학교,['양천구'],['신정동']
279,서울양강초등학교,['양천구'],['신월동']
280,서울신정초등학교,['강서구'],['화곡동']
281,서울신월초등학교,['강서구'],['화곡동']
282,서울신원초등학교,['양천구'],['신월동']
283,서울신서초등학교,['양천구'],['신정동']
284,서울신목초등학교,['양천구'],['신정동']
285,서울신남초등학교,['양천구'],['신월동']
286,서울신기초등학교,['양천구'],['신정동']
287,서울신곡초등학교,['강서구'],['화곡동']
288,서울신강초등학교,['양천구'],['신월동']
289,서울수명초등학교,['강서구'],['내발산동']
290,서울송화초등학교,['강서구'],['방화동']
291,서울송정초등학교,['강서구'],['공항동']
292,서울서정초등학교,['양천구'],['목동']
293,서울삼정초등학교,['강서구'],['방화동']
294,서울백석초등학교,['강서구'],['등촌동']
295,서울방화초등학교,['강서구'],['방화동']
296,서울발산초등학교,['강서구'],['내발산동']
297,서울목원초등학교,['양천구'],['목동']
298,서울목운초등학교,['양천구'],['목동']
299,서울목동초등학교,['양천구'],"['신정동', '서울목동']"
300,서울등현초등학교,['강서구'],['등촌동']
301,서울등촌초등학교,['강서구'],['등촌동']
302,서울등원초등학교,['강서구'],['등촌동']
303,서울등양초등학교,['강서구'],['등촌동']
304,서울등서초등학교,['강서구'],['화곡동']
305,서울등명초등학교,['강서구'],['등촌동']
306,서울등마초등학교,['강서구'],['등촌동']
307,서울내발산초등학교,['강서구'],['내발산동']
308,서울남명초등학교,['양천구'],['신정동']
309,서울공항초등학교,['강서구'],['마곡동']
310,서울공진초등학교,['강서구'],['마곡동']
311,서울계남초등학교,['양천구'],['신정동']
312,서울경인초등학교,['양천구'],['목동']
313,서울개화초등학교,['강서구'],['방화동']
314,서울강월초등학교,['양천구'],['신월동']
315,서울강신초등학교,['양천구'],['신월동']
316,서울강서초등학교,['양천구'],['신월동']
317,서울갈산초등학교,['양천구'],['신정동']
318,서울가양초등학교,['강서구'],['가양동']
319,서울가곡초등학교,['강서구'],['내발산동']
320,서울대학교사범대학부설초등학교,['종로구'],['동숭동']
321,운현초등학교,['종로구'],['운니동']
322,신광초등학교,['용산구'],"['청파동', '청파동']"
323,숭의초등학교,['중구'],['예장동']
324,서울흥인초등학교,"['중구', '청구']",['신당동']
325,서울후암초등학교,['용산구'],['후암동']
326,서울효제초등학교,['종로구'],['효제동']
327,서울혜화초등학교,['종로구'],['혜화동']
328,서울한남초등학교,['용산구'],['한남동']
329,서울한강초등학교,['용산구'],[]
330,서울충무초등학교,['중구'],['장충동']
331,서울청파초등학교,['용산구'],['청파동']
332,서울청운초등학교,['종로구'],['청운동']
333,서울청구초등학교,['중구'],['신당동']
334,서울창신초등학교,['종로구'],['창신동']
335,서울재동초등학교,['종로구'],"['서울재동', '가회동']"
336,서울장충초등학교,"['중구', '청구']",['신당동']
337,서울이태원초등학교,['용산구'],['이태원동']
338,서울원효초등학교,['용산구'],['산천동']
339,서울용암초등학교,['용산구'],['용산동']
340,서울용산초등학교,['용산구'],[]
341,서울신용산초등학교,['용산구'],['이촌동']
342,서울신당초등학교,['중구'],['신당동']
343,서울세검정초등학교,['종로구'],['신영동']
344,서울서빙고초등학교,['용산구'],['서빙고동']
345,서울삼광초등학교,['용산구'],['후암동']
346,서울봉래초등학교,['중구'],['만리동']
347,서울보광초등학교,['용산구'],['이태원동']
348,서울명신초등학교,['종로구'],['창신동']
349,서울매동초등학교,['종로구'],"['서울매동', '필운동']"
350,서울독립문초등학교,['종로구'],['무악동']
351,서울덕수초등학교,['중구'],['정동']
352,서울남정초등학교,['용산구'],[]
353,서울남산초등학교,['중구'],['남산동']
354,서울금양초등학교,['용산구'],['효창동']
355,서울교동초등학교,['종로구'],['경운동']
356,서울광희초등학교,['중구'],['신당동']
357,상명대학교사범대학부속초등학교,['종로구'],['홍지동']
358,리라초등학교,['중구'],['예장동']
359,동산초등학교,['중구'],['신당동']
360,화랑초등학교,['노원구'],['공릉동']
361,한신초등학교,['도봉구'],['쌍문동']
362,태강삼육초등학교,['노원구'],['공릉동']
363,청원초등학교,['노원구'],"['상계동', '상계동']"
364,서울한천초등학교,['노원구'],['월계동']
365,서울태릉초등학교,['노원구'],['공릉동']
366,서울태랑초등학교,['노원구'],['공릉동']
367,서울초당초등학교,['도봉구'],['방학동']
368,서울청계초등학교,['노원구'],['중계동']
369,서울창일초등학교,['도봉구'],['창동']
370,서울창원초등학교,['도봉구'],['창동']
371,서울창림초등학교,['도봉구'],['창동']
372,서울창동초등학교,['도봉구'],['창동']
373,서울창도초등학교,['도봉구'],['방학동']
374,서울창경초등학교,['도봉구'],['쌍문동']
375,서울중현초등학교,['노원구'],['하계동']
376,서울중평초등학교,['노원구'],['하계동']
377,서울중원초등학교,['노원구'],['중계동']
378,서울중계초등학교,['노원구'],['중계동']
379,서울자운초등학교,['도봉구'],['창동']
380,서울을지초등학교,['노원구'],['중계동']
381,서울월천초등학교,['도봉구'],['창동']
382,서울월계초등학교,['노원구'],['월계동']
383,서울원광초등학교,['노원구'],['중계동']
384,서울용원초등학교,['노원구'],['공릉동']
385,서울용동초등학교,['노원구'],"['중계동', '용동']"
386,서울온곡초등학교,['노원구'],['상계동']
387,서울오봉초등학교,['도봉구'],['도봉동']
388,서울연촌초등학교,['노원구'],['하계동']
389,서울연지초등학교,['노원구'],['월계동']
390,서울쌍문초등학교,['도봉구'],['쌍문동']
391,서울신화초등학교,['도봉구'],['창동']
392,서울신학초등학교,['도봉구'],['방학동']
393,서울신창초등학교,['도봉구'],['창동']
394,서울신상계초등학교,['노원구'],['상계동']
395,서울신방학초등학교,['도봉구'],['방학동']
396,서울신계초등학교,['노원구'],['월계동']
397,서울숭미초등학교,['도봉구'],['쌍문동']
398,서울수암초등학교,['노원구'],['중계동']
399,서울수락초등학교,['노원구'],['상계동']
400,서울선곡초등학교,['노원구'],['월계동']
401,서울상천초등학교,['노원구'],['상계동']
402,서울상월초등학교,['노원구'],['상계동']
403,서울상원초등학교,['노원구'],['상계동']
404,서울상수초등학교,['노원구'],['상계동']
405,서울상곡초등학교,['노원구'],['상계동']
406,서울상계초등학교,['노원구'],['상계동']
407,서울상경초등학교,['노원구'],['상계동']
408,서울불암초등학교,['노원구'],['중계동']
409,서울백운초등학교,['도봉구'],['쌍문동']
410,서울방학초등학교,['도봉구'],['방학동']
411,서울동일초등학교,['노원구'],['상계동']
412,서울도봉초등학교,['도봉구'],['도봉동']
413,서울덕암초등학교,['노원구'],['상계동']
414,서울당현초등학교,['노원구'],['상계동']
415,서울누원초등학교,['도봉구'],['도봉동']
416,서울녹천초등학교,['노원구'],['월계동']
417,서울노일초등학교,['노원구'],['상계동']
418,서울노원초등학교,['노원구'],['상계동']
419,서울공연초등학교,['노원구'],['공릉동']
420,서울공릉초등학교,['노원구'],['공릉동']
421,서울계상초등학교,['노원구'],['상계동']
422,서울가인초등학교,['도봉구'],['창동']
423,상명초등학교,['노원구'],['중계동']
424,동북초등학교,['도봉구'],['쌍문동']
425,서울항동초등학교,['구로구'],['항동']
426,서울하늘숲초등학교,['구로구'],['천왕동']
427,서울금나래초등학교,['금천구'],['시흥동']
428,서울천이초등학교,['구로구'],['오류동']
429,학력인정 서현초등학교,['영등포구'],['신길동']
430,서울천왕초등학교,['구로구'],['천왕동']
431,서울탑동초등학교,['금천구'],"['시흥동', '탑동']"
432,서울정심초등학교,['금천구'],['독산동']
433,서울윤중초등학교,['영등포구'],['여의도동']
434,서울우신초등학교,['영등포구'],['신길동']
435,서울온수초등학교,['구로구'],['온수동']
436,서울오정초등학교,['구로구'],['오류동']
437,서울오류초등학교,['구로구'],['오류동']
438,서울오류남초등학교,['구로구'],['오류동']
439,서울영중초등학교,['영등포구'],['영등포동']
440,서울영일초등학교,['구로구'],['가리봉동']
441,서울영원초등학교,['영등포구'],['도림동']
442,서울영신초등학교,['영등포구'],['신길동']
443,서울영서초등학교,['구로구'],['구로동']
444,서울영문초등학교,['영등포구'],['문래동']
445,서울영림초등학교,['영등포구'],['대림동']
446,서울영등포초등학교,['영등포구'],['문래동']
447,서울영동초등학교,['영등포구'],"['당산동', '영동', '당산동']"
448,서울영남초등학교,['금천구'],['독산동']
449,서울여의도초등학교,['영등포구'],['여의도동']
450,서울안천초등학교,['금천구'],['독산동']
451,서울신흥초등학교,['금천구'],['시흥동']
452,서울신영초등학교,['영등포구'],['대림동']
453,서울신미림초등학교,['구로구'],['신도림동']
454,서울신도림초등학교,['구로구'],['신도림동']
455,서울신대림초등학교,['영등포구'],['대림동']
456,서울신구로초등학교,['구로구'],['구로동']
457,서울시흥초등학교,['금천구'],['시흥동']
458,서울세곡초등학교,['구로구'],['고척동']
459,서울선유초등학교,['영등포구'],['양평동']
460,서울백산초등학교,['금천구'],['시흥동']
461,서울미래초등학교,['구로구'],['구로동']
462,서울문성초등학교,['금천구'],['독산동']
463,서울문백초등학교,['금천구'],['시흥동']
464,서울문래초등학교,['영등포구'],['문래동']
465,서울문교초등학교,['금천구'],['독산동']
466,서울매봉초등학교,['구로구'],['개봉동']
467,서울두산초등학교,['금천구'],['독산동']
468,서울동구로초등학교,['구로구'],"['서울동', '구로동']"
469,서울독산초등학교,['금천구'],['독산동']
470,서울도신초등학교,['영등포구'],['대림동']
471,서울도림초등학교,['영등포구'],['신길동']
472,서울덕의초등학교,['구로구'],['고척동']
473,서울대영초등학교,['영등포구'],['신길동']
474,서울대방초등학교,['영등포구'],['신길동']
475,서울대동초등학교,['영등포구'],"['서울대동', '대림동']"
476,서울대길초등학교,['영등포구'],['신길동']
477,서울당중초등학교,['영등포구'],['양평동']
478,서울당서초등학교,['영등포구'],['당산동']
479,서울당산초등학교,['영등포구'],['양평동']
480,서울금천초등학교,['금천구'],['시흥동']
481,서울금산초등학교,['금천구'],['시흥동']
482,서울금동초등학교,['금천구'],"['서울금동', '시흥동']"
483,서울구일초등학교,['구로구'],['구로동']
484,서울구로초등학교,['구로구'],"['구로동', '구로동']"
485,서울구로남초등학교,['구로구'],['구로동']
486,서울고척초등학교,['구로구'],['고척동']
487,서울고원초등학교,['구로구'],['고척동']
488,서울고산초등학교,['구로구'],['고척동']
489,서울개웅초등학교,['구로구'],['개봉동']
490,서울개봉초등학교,['구로구'],['개봉동']
491,서울개명초등학교,['구로구'],['개봉동']
492,서울가산초등학교,['금천구'],['독산동']
493,동광초등학교,['금천구'],['시흥동']
494,서울어울초등학교,['은평구'],['녹번동']
495,서울가재울초등학교,['서대문구'],['남가좌동']
496,서울은빛초등학교,['은평구'],['진관동']
497,서울하늘초등학교,['마포구'],['상암동']
498,서울수리초등학교,['은평구'],['불광동']
499,홍익대학교사범대학부속초등학교,['마포구'],['성산동']
500,충암초등학교,['은평구'],['응암동']
501,추계초등학교,['서대문구'],['북아현동']
502,이화여자대학교사범대학부속초등학교,['서대문구'],['대신동']
503,은혜초등학교,['은평구'],['불광동']
504,예일초등학교,['은평구'],['구산동']
505,선일초등학교,['은평구'],['갈현동']
506,서울홍제초등학교,['서대문구'],['홍은동']
507,서울홍은초등학교,['서대문구'],"['홍제동', '홍제동']"
508,서울홍연초등학교,['서대문구'],['홍은동']
509,서울한서초등학교,['마포구'],['염리동']
510,서울창천초등학교,['마포구'],['노고산동']
511,서울창서초등학교,['서대문구'],['창천동']
512,서울진관초등학교,['은평구'],['진관동']
513,서울증산초등학교,['은평구'],['증산동']
514,서울중동초등학교,['마포구'],['성산동']
515,서울인왕초등학교,['서대문구'],['홍제동']
516,서울응암초등학교,['은평구'],['응암동']
517,서울은평초등학교,['은평구'],['녹번동']
518,서울은진초등학교,['은평구'],['진관동']
519,서울은명초등학교,['은평구'],['응암동']
520,서울용강초등학교,['마포구'],['대흥동']
521,서울염리초등학교,['마포구'],['염리동']
522,서울연희초등학교,['서대문구'],['연희동']
523,서울연천초등학교,['은평구'],['불광동']
524,서울연은초등학교,['은평구'],['응암동']
525,서울연신초등학교,['은평구'],['불광동']
526,서울연광초등학교,['은평구'],['불광동']
527,서울연가초등학교,['서대문구'],['남가좌동']
528,서울역촌초등학교,['은평구'],['역촌동']
529,서울안산초등학교,['서대문구'],['홍제동']
530,서울아현초등학교,['마포구'],['아현동']
531,서울신석초등학교,['마포구'],['신수동']
532,서울신사초등학교,['은평구'],['신사동']
533,서울신북초등학교,['마포구'],['중동']
534,서울신도초등학교,['은평구'],['진관동']
535,서울수색초등학교,['은평구'],['수색동']
536,서울소의초등학교,['마포구'],['아현동']
537,서울성원초등학교,['마포구'],['성산동']
538,서울성서초등학교,['마포구'],['성산동']
539,서울성산초등학교,['마포구'],['합정동']
540,서울서신초등학교,['은평구'],['신사동']
541,서울서교초등학교,['마포구'],['서교동']
542,서울서강초등학교,['마포구'],['상수동']
543,서울상지초등학교,['마포구'],['상암동']
544,서울상암초등학교,['마포구'],['상암동']
545,서울상신초등학교,['은평구'],['신사동']
546,서울불광초등학교,['은평구'],['불광동']
547,서울북한산초등학교,['은평구'],['진관동']
548,서울북성초등학교,['서대문구'],['북아현동']
549,서울북가좌초등학교,['서대문구'],['북가좌동']
550,서울미동초등학교,['서대문구'],"['미근동', '서울미동']"
551,서울망원초등학교,['마포구'],['망원동']
552,서울마포초등학교,['마포구'],['도화동']
553,서울동교초등학교,['마포구'],['망원동']
554,서울대조초등학교,['은평구'],['대조동']
555,서울대은초등학교,['은평구'],['대조동']
556,서울대신초등학교,['서대문구'],['대현동']
557,서울녹번초등학교,['은평구'],['녹번동']
558,서울금화초등학교,['서대문구'],['천연동']
559,서울구현초등학교,['은평구'],['구산동']
560,서울구산초등학교,['은평구'],['구산동']
561,서울공덕초등학교,['마포구'],['공덕동']
562,서울고은초등학교,['서대문구'],['홍제동']
563,서울갈현초등학교,['은평구'],['갈현동']
564,명지초등학교,['서대문구'],['홍은동']
565,경기초등학교,['서대문구'],[]
566,서울새솔초등학교,['중랑구'],['신내동']
567,서울삼육초등학교,['동대문구'],['회기동']
568,은석초등학교,['동대문구'],['장안동']
569,서울휘봉초등학교,['동대문구'],['휘경동']
570,서울휘경초등학교,['동대문구'],['휘경동']
571,서울홍파초등학교,['동대문구'],['제기동']
572,서울홍릉초등학교,['동대문구'],['청량리동']
573,서울청량초등학교,['동대문구'],['회기동']
574,서울중흥초등학교,['중랑구'],['중화동']
575,서울중화초등학교,['중랑구'],['신내동']
576,서울중목초등학교,['중랑구'],['면목동']
577,서울중랑초등학교,['중랑구'],['면목동']
578,서울중곡초등학교,['중랑구'],['면목동']
579,서울종암초등학교,['동대문구'],['제기동']
580,서울전동초등학교,['동대문구'],"['서울전동', '전농동']"
581,서울전농초등학교,['동대문구'],['전농동']
582,서울전곡초등학교,['동대문구'],['전농동']
583,서울장평초등학교,['동대문구'],['전농동']
584,서울이문초등학교,['동대문구'],['이문동']
585,서울원묵초등학교,['중랑구'],['묵동']
586,서울용두초등학교,['동대문구'],['용두동']
587,서울안평초등학교,['동대문구'],['장안동']
588,서울신현초등학교,['중랑구'],['신내동']
589,서울신묵초등학교,['중랑구'],['묵동']
590,서울신답초등학교,['동대문구'],['답십리동']
591,서울신내초등학교,['중랑구'],['신내동']
592,서울상봉초등학교,['중랑구'],['상봉동']
593,서울봉화초등학교,['중랑구'],['신내동']
594,서울배봉초등학교,['동대문구'],['전농동']
595,서울묵현초등학교,['중랑구'],[]
596,서울묵동초등학교,['중랑구'],"['서울묵동', '중화동']"
597,서울면중초등학교,['중랑구'],['면목동']
598,서울면일초등학교,['중랑구'],['망우동']
599,서울면북초등학교,['중랑구'],['망우동']
600,서울면목초등학교,['중랑구'],['면목동']
601,서울면동초등학교,['중랑구'],"['면목동', '면동']"
602,서울면남초등학교,['중랑구'],['면목동']
603,서울망우초등학교,['중랑구'],['망우동']
604,서울동원초등학교,['중랑구'],"['서울동', '망우동']"
605,서울동답초등학교,['동대문구'],"['답십리동', '서울동']"
606,서울답십리초등학교,['동대문구'],['답십리동']
607,서울군자초등학교,['동대문구'],['장안동']
608,금성초등학교,['중랑구'],['신내동']
609,경희초등학교,['동대문구'],['회기동']
610,학력인정 한림초등학교(4년제),['송파구'],['장지동']
